Source_user,Tweet_count,Username,Tweet_id,Text,In_reply_to,Created At,Retweets,Likes
TheHillEvents,1,GargMar,1885443962267132033,"@TheHillEvents All kind of drugs will affect in some degree our Nerve system. 
There was a woman complaining that she became deft after be vaccinated with COVID-19.
It says that there is a chemical ingredient in vaccines that blocked up some kind of hair nerves in the internal auditory nerve.",1885409228052992446,Fri Jan 31 21:44:05 +0000 2025,0,2
TheHillEvents,2,uk93942,1885436843899912239,@TheHillEvents No he believes in logic and the number which you and all you lying Drug cartels push out to the public.,1885409228052992446,Fri Jan 31 21:15:47 +0000 2025,0,0
TheHillEvents,3,Hokie20121207,1885423448270205240,"@TheHillEvents @thehill Also, no talking head doctor should be listened to until he/she is willing to disclose all relationships, financial or otherwise (including investments), they have with Pharma companies.",1885409228052992446,Fri Jan 31 20:22:34 +0000 2025,0,0
TheHillEvents,4,Hokie20121207,1885422725679702104,"@TheHillEvents @thehill That is an amazing claim given there was zero skepticism with the Covid vax from the medical experts on efficacy or safety. If there were, they would have demanded much more data and would have been much more transparent with the data they had and likely much more restrictive in",1885409228052992446,Fri Jan 31 20:19:41 +0000 2025,0,2
TheHillEvents,5,CampisiKyle,1885055432034836843,@TheHillEvents @thehill …. Ouch those are the representatives for health?,1885032073464799522,Thu Jan 30 20:00:12 +0000 2025,0,1
TheHillEvents,6,Brave_Recovery,1885050531611369801,@TheHillEvents @PublicHealth Nope.  Public health is a social way.  There is no one size fits all.  It's called patient bill of rights.  Thank you!,1885032073464799522,Thu Jan 30 19:40:43 +0000 2025,0,2
TheHillEvents,7,RealMormish,1885048274114986296,"@TheHillEvents ""Oh, yeah! While we ignored the issues for decades, now, when there's someone so loud that we cannot shush them, let's hijack the movement and pretend we care. Collectively.""",1885032073464799522,Thu Jan 30 19:31:45 +0000 2025,0,1
TheHillEvents,8,Weenus66,1884662425057669614,"@TheHillEvents @thehill @RepLarryBucshon Afraid of what, a decline in bribes from pharma? https://t.co/t1TWtdutmz",1884661574675423558,Wed Jan 29 17:58:32 +0000 2025,0,5
TheHillEvents,9,nicktitanmill,1884621852527444096,@TheHillEvents @thehill @RepKimSchrier How DARE anyone be permitted to question the all-knowing government!!,1884601621373403498,Wed Jan 29 15:17:18 +0000 2025,0,5
TheHillEvents,10,Chuck67902819,1884619691106463919,"@TheHillEvents @thehill @RepKimSchrier Fire the anti-vaxxer, who has no respect for others?",1884601621373403498,Wed Jan 29 15:08:43 +0000 2025,0,0
TheHillEvents,11,WilliamFGaines,1884611072755118590,"@TheHillEvents @thehill @RepKimSchrier It is #ignorant or #evil to think all vaccines have equal efficacy and need universal application.
Which is she?🧐",1884601621373403498,Wed Jan 29 14:34:28 +0000 2025,0,0
TheHillEvents,12,JasonWright1912,1884607377137434790,"@TheHillEvents @RepKimSchrier Is it a matter of skepticism or a conviction, belief in a conspiracy? Brainwashing is permanent in many cases.",1884601621373403498,Wed Jan 29 14:19:47 +0000 2025,0,0
TheHillEvents,13,NickBollockov,1884603253058306296,"@TheHillEvents @RepKimSchrier Scientific outcomes are constantly changing and to assume that it's always the same is wrong.
It's our nature to question a 'rule' and challenge it to ensure its reliability. 
It is fair to be 'sceptic' and always question science or else it is a dictatorship",1884601621373403498,Wed Jan 29 14:03:24 +0000 2025,0,0
TheHillEvents,14,DarrylCole50259,1884602681299189925,"@TheHillEvents @RepKimSchrier No, as the ""vaccines"" from THE criminal fauci=== R NOT vaccines = deadly",1884601621373403498,Wed Jan 29 14:01:08 +0000 2025,0,0
TheHillEvents,15,GargMar,1884334307554254926,"@TheHillEvents Apparently COVID-19 was a very strong virus to inhibit infected people through vaccines. That maybe was the fact of disinformation to the public.
Obviously healthy people overcame to it naturally through their immune system stimulating appropriated antibodies to target the virus.",1884279992290255286,Tue Jan 28 20:14:42 +0000 2025,0,0
TheHillEvents,16,QEallthetime,1884283733576216875,@TheHillEvents @thehill You flat out lied… https://t.co/s8mkQCQdtb,1884279992290255286,Tue Jan 28 16:53:45 +0000 2025,0,1
TheHillEvents,17,LtDickDowling,1884281216213622988,"@TheHillEvents Educate yourself from the best cancer center in the world, MD Anderson. It's poison. https://t.co/WzexcH7OL3",1884279992290255286,Tue Jan 28 16:43:44 +0000 2025,0,1
TheHillEvents,18,TheWad7,1884280789610946867,@TheHillEvents @thehill All the disinfo came from the vaccine shills,1884279992290255286,Tue Jan 28 16:42:03 +0000 2025,0,3
TheHillEvents,19,G_Feinstein,1884017577493708926,@TheHillEvents @thehill @ChildrensPhila Just ask JFK to quack.  Surely he   will be able to confirm he can do that perfectly.,1883948717054775549,Mon Jan 27 23:16:08 +0000 2025,0,0
TheHillEvents,20,Chuck67902819,1882500021373079569,@TheHillEvents @thehill When diid anyone ever trust a politician?,1882451179931660500,Thu Jan 23 18:45:54 +0000 2025,0,0
TheHillEvents,21,LakeLovers16,1882454320580575719,@TheHillEvents @thehill AMERICA IS BACK,1882451179931660500,Thu Jan 23 15:44:18 +0000 2025,0,0
TheHillEvents,22,WinSoko1,1882408093793104141,"@TheHillEvents @thehill We all had chicken pox and measles, not as concerning as you pretend. Just another money maker for big pharma.",1882076551111471484,Thu Jan 23 12:40:37 +0000 2025,0,0
TheHillEvents,23,zdcrown159937,1882105753542197390,"@TheHillEvents Don't worry, she's on Dementia Donald's DOJ hit list...",1882076551111471484,Wed Jan 22 16:39:14 +0000 2025,0,1
TheHillEvents,24,S_Beckman2,1882101414861935041,"@TheHillEvents It's not ""The Science"" I don't trust, it's the people who are telling me what the ""Science"" IS, that I don't trust.

Anyone that thinks they have the first clue as to what ""The Science"" says is delusional.",1882076551111471484,Wed Jan 22 16:21:59 +0000 2025,0,0
